scraped_at,date,match_url,match_id,time,team1,score1,team2,score2,score,winner,status,week,stage
2025-08-31T17:46:44.389185,"Sat, June 7, 2025",https://www.vlr.gg/490309/team-heretics-vs-paper-rex-champions-tour-2025-masters-toronto-r1,490309,9:30 PM,Team Heretics,0,Paper Rex,2,0-2,Paper Rex,Completed,Round 1,Swiss Stage
2025-08-31T17:46:44.491202,"Sat, June 7, 2025",https://www.vlr.gg/490307/bilibili-gaming-vs-team-liquid-champions-tour-2025-masters-toronto-r1,490307,11:40 PM,Bilibili Gaming,2,Team Liquid,1,2-1,Bilibili Gaming,Completed,Round 1,Swiss Stage
2025-08-31T17:46:44.592534,"Sun, June 8, 2025",https://www.vlr.gg/490308/sentinels-vs-wolves-esports-champions-tour-2025-masters-toronto-r1,490308,9:30 PM,Sentinels,2,Wolves Esports,0,2-0,Sentinels,Completed,Round 1,Swiss Stage
2025-08-31T17:46:44.694360,"Mon, June 9, 2025",https://www.vlr.gg/490306/gen-g-vs-mibr-champions-tour-2025-masters-toronto-r1,490306,12:15 AM,Gen.G,2,MIBR,0,2-0,Gen.G,Completed,Round 1,Swiss Stage
2025-08-31T17:46:44.795938,"Mon, June 9, 2025",https://www.vlr.gg/490311/bilibili-gaming-vs-sentinels-champions-tour-2025-masters-toronto-r2-1-0,490311,9:30 PM,Bilibili Gaming,1,Sentinels,2,1-2,Sentinels,Completed,Round 2 (1-0),Swiss Stage
2025-08-31T17:46:44.897077,"Tue, June 10, 2025",https://www.vlr.gg/490310/paper-rex-vs-gen-g-champions-tour-2025-masters-toronto-r2-1-0,490310,1:00 AM,Paper Rex,0,Gen.G,2,0-2,Gen.G,Completed,Round 2 (1-0),Swiss Stage
2025-08-31T17:46:44.998760,"Tue, June 10, 2025",https://www.vlr.gg/490312/team-heretics-vs-wolves-esports-valorant-masters-2025-toronto-r2-0-1,490312,9:30 PM,Team Heretics,0,Wolves Esports,2,0-2,Wolves Esports,Completed,Round 2 (0-1),Swiss Stage
2025-08-31T17:46:45.099934,"Wed, June 11, 2025",https://www.vlr.gg/490313/team-liquid-vs-mibr-valorant-masters-2025-toronto-r2-0-1,490313,12:00 AM,Team Liquid,2,MIBR,0,2-0,Team Liquid,Completed,Round 2 (0-1),Swiss Stage
2025-08-31T17:46:45.201383,"Wed, June 11, 2025",https://www.vlr.gg/490315/bilibili-gaming-vs-wolves-esports-valorant-masters-2025-toronto-r3-1-1,490315,9:30 PM,Bilibili Gaming,0,Wolves Esports,2,0-2,Wolves Esports,Completed,Round 3 (1-1),Swiss Stage
2025-08-31T17:46:45.302836,"Thu, June 12, 2025",https://www.vlr.gg/490314/paper-rex-vs-team-liquid-valorant-masters-toronto-2025-r3-1-1,490314,12:00 AM,Paper Rex,2,Team Liquid,1,2-1,Paper Rex,Completed,Round 3 (1-1),Swiss Stage
2025-08-31T17:46:45.408013,"Fri, June 13, 2025",https://www.vlr.gg/498622/g2-esports-vs-paper-rex-valorant-masters-toronto-2025-ubqf,498622,9:30 PM,G2 Esports,0,Paper Rex,2,0-2,Paper Rex,Completed,Upper Quarterfinals,Playoffs
2025-08-31T17:46:45.513789,"Fri, June 13, 2025",https://www.vlr.gg/498621/xi-lai-gaming-vs-sentinels-valorant-masters-toronto-2025-ubqf,498621,11:55 PM,Xi Lai Gaming,0,Sentinels,2,0-2,Sentinels,Completed,Upper Quarterfinals,Playoffs
2025-08-31T17:46:45.615044,"Sat, June 14, 2025",https://www.vlr.gg/498623/rex-regum-qeon-vs-wolves-esports-valorant-masters-toronto-2025-ubqf,498623,9:30 PM,Rex Regum Qeon,0,Wolves Esports,2,0-2,Wolves Esports,Completed,Upper Quarterfinals,Playoffs
2025-08-31T17:46:45.716549,"Sun, June 15, 2025",https://www.vlr.gg/498624/fnatic-vs-gen-g-valorant-masters-toronto-2025-ubqf,498624,12:00 AM,FNATIC,1,Gen.G,2,1-2,Gen.G,Completed,Upper Quarterfinals,Playoffs
2025-08-31T17:46:45.818643,"Sun, June 15, 2025",https://www.vlr.gg/498629/xi-lai-gaming-vs-g2-esports-valorant-masters-toronto-2025-lr1,498629,9:30 PM,Xi Lai Gaming,0,G2 Esports,2,0-2,G2 Esports,Completed,Lower Round 1,Playoffs
2025-08-31T17:46:45.921681,"Sun, June 15, 2025",https://www.vlr.gg/498630/rex-regum-qeon-vs-fnatic-valorant-masters-toronto-2025-lr1,498630,11:40 PM,Rex Regum Qeon,1,FNATIC,2,1-2,FNATIC,Completed,Lower Round 1,Playoffs
2025-08-31T17:46:46.023119,"Mon, June 16, 2025",https://www.vlr.gg/498626/wolves-esports-vs-gen-g-valorant-masters-toronto-2025-ubsf,498626,9:30 PM,Wolves Esports,2,Gen.G,0,2-0,Wolves Esports,Completed,Upper Semifinals,Playoffs
2025-08-31T17:46:46.124326,"Tue, June 17, 2025",https://www.vlr.gg/498625/sentinels-vs-paper-rex-valorant-masters-toronto-2025-ubsf,498625,12:00 AM,Sentinels,0,Paper Rex,2,0-2,Paper Rex,Completed,Upper Semifinals,Playoffs
2025-08-31T17:46:46.225222,"Tue, June 17, 2025",https://www.vlr.gg/498631/gen-g-vs-g2-esports-valorant-masters-toronto-2025-lr2,498631,9:30 PM,Gen.G,1,G2 Esports,2,1-2,G2 Esports,Completed,Lower Round 2,Playoffs
2025-08-31T17:46:46.326484,"Wed, June 18, 2025",https://www.vlr.gg/498632/sentinels-vs-fnatic-valorant-masters-toronto-2025-lr2,498632,1:05 AM,Sentinels,1,FNATIC,2,1-2,FNATIC,Completed,Lower Round 2,Playoffs
2025-08-31T17:46:46.428181,"Fri, June 20, 2025",https://www.vlr.gg/498627/paper-rex-vs-wolves-esports-valorant-masters-toronto-2025-ubf,498627,9:30 PM,Paper Rex,2,Wolves Esports,0,2-0,Paper Rex,Completed,Upper Final,Playoffs
2025-08-31T17:46:46.529813,"Sat, June 21, 2025",https://www.vlr.gg/498633/g2-esports-vs-fnatic-valorant-masters-toronto-2025-lr3,498633,12:10 AM,G2 Esports,0,FNATIC,2,0-2,FNATIC,Completed,Lower Round 3,Playoffs
2025-08-31T17:46:46.631124,"Sat, June 21, 2025",https://www.vlr.gg/498634/wolves-esports-vs-fnatic-valorant-masters-toronto-2025-lbf,498634,9:30 PM,Wolves Esports,1,FNATIC,3,1-3,FNATIC,Completed,Lower Final,Playoffs
2025-08-31T17:46:46.732493,"Sun, June 22, 2025",https://www.vlr.gg/507067/team-tarik-vs-team-toast-valorant-masters-toronto-2025-showmatch,507067,9:30 PM,Team tarik,7,Team Toast,13,7-13,Team Toast,Completed,Showmatch,N/A
2025-08-31T17:46:46.833945,"Sun, June 22, 2025",https://www.vlr.gg/498628/paper-rex-vs-fnatic-valorant-masters-toronto-2025-gf,498628,10:45 PM,Paper Rex,3,FNATIC,1,3-1,Paper Rex,Completed,Grand Final,Playoffs
