Match ID,Map,Player,Team,Agent,2K,3K,4K,5K,1v1,1v2,1v3,1v4,1v5,ECON,PL,DE
490309,Pearl,Boo,TH,Astra,1,0,0,0,0,0,0,0,0,26,0,0
490309,Pearl,RieNs,TH,Fade,0,1,0,0,0,0,0,0,0,44,0,0
490309,Pearl,MiniBoo,TH,Yoru,1,0,0,0,0,0,0,0,0,22,0,0
490309,Pearl,Wo0t,TH,Breach,2,0,0,0,0,0,0,0,0,33,0,0
490309,Pearl,benjyfishy,TH,Killjoy,0,0,0,0,0,0,0,0,0,42,0,0
490309,Pearl,Jinggg,PRX,Raze,2,1,0,0,0,0,0,0,0,61,0,0
490309,Pearl,f0rsakeN,PRX,Astra,7,0,0,0,0,0,0,0,0,124,1,0
490309,Pearl,d4v41,PRX,Vyse,1,0,0,0,0,0,0,0,0,54,0,0
490309,Pearl,PatMen,PRX,Fade,2,0,0,0,2,0,0,0,0,64,8,0
490309,Pearl,something,PRX,Yoru,2,1,0,0,0,0,0,0,0,75,1,0
490309,Icebox,Boo,TH,Viper,1,0,0,0,0,0,0,0,0,31,1,0
490309,Icebox,RieNs,TH,Sova,3,0,0,0,0,0,0,0,0,44,0,1
490309,Icebox,MiniBoo,TH,Neon,2,1,0,0,0,0,0,0,0,39,0,0
490309,Icebox,Wo0t,TH,Gekko,4,2,0,0,0,1,0,0,0,65,6,1
490309,Icebox,benjyfishy,TH,Killjoy,5,1,0,0,1,0,0,0,0,61,2,0
490309,Icebox,Jinggg,PRX,Omen,6,0,0,0,0,0,0,0,0,57,1,0
490309,Icebox,f0rsakeN,PRX,Sova,2,0,0,0,0,0,0,0,0,40,6,0
490309,Icebox,d4v41,PRX,Killjoy,4,1,0,0,0,1,0,0,0,71,2,1
490309,Icebox,PatMen,PRX,Viper,8,0,0,0,0,0,0,0,0,63,0,0
490309,Icebox,something,PRX,Jett,3,0,0,0,0,0,0,0,0,40,0,1
490307,Icebox,Knight,BLG,Sova,0,1,0,0,0,0,0,0,0,46,2,1
490307,Icebox,whzy,BLG,Jett,5,3,0,0,1,0,0,0,0,64,0,0
490307,Icebox,nephh,BLG,Viper,3,2,0,0,0,0,0,0,0,49,0,0
490307,Icebox,Levius,BLG,Killjoy,5,1,0,0,0,0,0,0,0,66,0,0
490307,Icebox,rushia,BLG,Harbor,5,1,0,0,1,0,0,0,0,66,7,1
490307,Icebox,paTiTek,TL,Kayo,3,1,0,0,0,0,0,0,0,46,1,0
490307,Icebox,penny,TL,Omen,1,0,0,0,0,0,0,0,0,37,0,0
490307,Icebox,Keiko,TL,Harbor,3,0,1,0,0,0,0,0,0,59,0,1
490307,Icebox,kamo,TL,Clove,2,1,0,0,1,0,0,0,0,58,1,0
490307,Icebox,Serial,TL,Gekko,3,0,0,0,0,0,0,0,0,36,7,0
490307,Haven,Knight,BLG,Sova,4,1,0,0,0,0,0,0,0,46,4,1
490307,Haven,whzy,BLG,Neon,7,2,0,0,0,0,0,0,0,56,0,1
490307,Haven,nephh,BLG,Breach,2,2,0,0,0,1,0,0,0,47,6,0
490307,Haven,Levius,BLG,Cypher,2,0,1,0,0,0,0,0,0,38,0,0
490307,Haven,rushia,BLG,Omen,4,1,0,0,0,0,0,0,0,48,2,0
490307,Haven,paTiTek,TL,Sova,0,0,0,0,0,0,0,0,0,18,4,0
490307,Haven,penny,TL,Phoenix,8,2,0,0,1,1,0,0,0,74,5,3
490307,Haven,Keiko,TL,Omen,7,1,0,0,0,0,0,0,0,47,0,0
490307,Haven,kamo,TL,Neon,5,3,0,0,0,0,0,0,0,46,0,0
490307,Haven,Serial,TL,Killjoy,3,2,0,0,1,0,0,0,0,47,2,0
490307,Sunset,Knight,BLG,Sova,2,1,0,0,0,0,0,0,0,62,0,0
490307,Sunset,whzy,BLG,Neon,5,0,0,0,0,0,0,0,0,46,0,0
490307,Sunset,nephh,BLG,Kayo,2,1,0,0,0,1,0,0,0,53,6,1
490307,Sunset,Levius,BLG,Cypher,5,0,0,0,0,0,0,0,0,52,1,0
490307,Sunset,rushia,BLG,Omen,1,1,1,0,0,0,0,0,0,69,1,1
490307,Sunset,paTiTek,TL,Sova,4,1,0,0,0,0,0,0,0,66,5,0
490307,Sunset,penny,TL,Omen,1,0,0,0,0,0,0,0,0,29,1,0
490307,Sunset,Keiko,TL,Iso,1,0,0,0,0,0,0,0,0,37,1,1
490307,Sunset,kamo,TL,Neon,1,2,0,0,0,0,0,0,0,48,0,0
490307,Sunset,Serial,TL,Cypher,3,1,1,0,0,1,1,0,0,55,0,1
490308,Split,Zellsis,SEN,Viper,1,1,0,0,0,0,0,0,0,44,1,0
490308,Split,johnqt,SEN,Skye,4,0,0,0,0,0,0,0,0,44,5,1
490308,Split,bang,SEN,Omen,1,1,1,0,0,0,1,0,0,48,0,1
490308,Split,zekken,SEN,Yoru,3,1,0,0,0,0,0,0,0,49,0,0
490308,Split,N4RRATE,SEN,Breach,2,3,0,0,0,1,0,0,0,56,3,0
490308,Split,Juicy,WOL,Raze,4,1,0,0,0,0,0,0,0,61,0,0
490308,Split,SiuFatBB,WOL,Fade,2,0,1,0,3,1,0,0,0,57,4,1
490308,Split,Yuicaw,WOL,Cypher,3,0,0,0,0,0,0,0,0,36,1,0
490308,Split,Spring,WOL,Viper,4,1,0,0,0,0,0,0,0,57,0,0
490308,Split,Lysoar,WOL,Omen,2,0,0,0,0,0,0,0,0,42,5,0
490308,Lotus,Zellsis,SEN,Vyse,2,0,0,0,0,0,0,0,0,55,1,1
490308,Lotus,johnqt,SEN,Viper,2,2,0,0,0,1,0,0,0,68,0,2
490308,Lotus,bang,SEN,Omen,5,1,0,0,0,0,0,0,0,52,0,0
490308,Lotus,zekken,SEN,Raze,2,1,0,0,0,0,0,0,0,54,1,2
490308,Lotus,N4RRATE,SEN,Fade,5,1,0,0,0,0,0,0,0,65,3,0
490308,Lotus,Juicy,WOL,Raze,1,1,0,0,0,0,0,0,0,38,0,0
490308,Lotus,SiuFatBB,WOL,Fade,3,0,0,0,0,1,0,0,0,34,2,0
490308,Lotus,Yuicaw,WOL,Killjoy,2,1,0,0,1,0,0,0,0,41,1,1
490308,Lotus,Spring,WOL,Viper,2,1,0,0,0,0,0,0,0,73,0,0
490308,Lotus,Lysoar,WOL,Omen,0,1,0,0,0,0,0,0,0,27,5,0
490306,Sunset,Munchkin,GEN,Viper,2,1,0,0,0,0,0,0,0,47,1,0
490306,Sunset,t3xture,GEN,Neon,3,1,0,0,1,0,0,0,0,72,0,0
490306,Sunset,Foxy9,GEN,Deadlock,4,1,0,0,0,0,0,0,0,61,1,0
490306,Sunset,Ash,GEN,Sova,5,0,0,0,0,0,0,0,0,68,3,1
490306,Sunset,Karon,GEN,Omen,7,1,0,0,0,0,0,0,0,97,0,0
490306,Sunset,cortezia,MIBR,Cypher,1,1,0,0,0,0,0,0,0,44,0,0
490306,Sunset,artzin,MIBR,Breach,1,0,0,0,0,0,0,0,0,30,4,0
490306,Sunset,aspas,MIBR,Neon,2,0,0,0,1,0,0,0,0,33,0,1
490306,Sunset,xenom,MIBR,Omen,1,0,0,0,0,0,0,0,0,33,0,0
490306,Sunset,Verno,MIBR,Sova,3,1,1,0,0,0,1,0,0,63,0,0
490306,Haven,Munchkin,GEN,Viper,4,0,0,0,0,0,0,0,0,62,0,2
490306,Haven,t3xture,GEN,Neon,4,2,0,0,0,0,0,0,0,79,0,0
490306,Haven,Foxy9,GEN,Killjoy,2,1,0,0,0,0,0,0,0,61,0,0
490306,Haven,Ash,GEN,Sova,1,0,1,0,0,0,0,0,0,82,2,1
490306,Haven,Karon,GEN,Omen,4,1,0,0,0,0,0,0,0,109,0,1
490306,Haven,cortezia,MIBR,Cypher,1,0,0,0,0,0,0,0,0,42,2,0
490306,Haven,artzin,MIBR,Breach,1,0,0,0,0,0,0,0,0,14,2,0
490306,Haven,aspas,MIBR,Jett,0,0,0,0,0,0,0,0,0,25,0,0
490306,Haven,xenom,MIBR,Omen,1,0,0,0,0,0,0,0,0,30,0,0
490306,Haven,Verno,MIBR,Sova,1,0,0,0,0,0,0,0,0,45,0,0
490311,Icebox,Knight,BLG,Sova,3,0,0,0,0,0,0,0,0,36,3,1
490311,Icebox,whzy,BLG,Jett,6,1,0,0,0,0,0,0,0,63,0,0
490311,Icebox,nephh,BLG,Viper,1,1,1,0,0,0,0,0,0,54,0,1
490311,Icebox,Levius,BLG,Killjoy,1,1,0,0,0,0,0,0,0,45,0,0
490311,Icebox,rushia,BLG,Harbor,6,2,0,0,0,0,0,0,0,71,8,1
490311,Icebox,Zellsis,SEN,Killjoy,2,1,0,0,0,0,0,0,0,63,1,0
490311,Icebox,johnqt,SEN,Kayo,1,3,0,0,2,0,0,0,0,53,1,2
490311,Icebox,bang,SEN,Viper,2,1,0,0,0,0,0,0,0,40,0,0
490311,Icebox,zekken,SEN,Omen,2,0,0,0,0,0,0,0,0,51,0,1
490311,Icebox,N4RRATE,SEN,Gekko,1,1,0,0,0,0,0,0,0,38,6,0
490311,Sunset,Knight,BLG,Sova,0,0,0,0,0,0,0,0,0,30,3,0
490311,Sunset,whzy,BLG,Neon,3,2,0,0,0,0,0,0,0,68,0,0
490311,Sunset,nephh,BLG,Kayo,2,1,0,0,0,0,0,0,0,33,4,0
490311,Sunset,Levius,BLG,Cypher,2,0,0,0,0,0,0,0,0,27,0,0
490311,Sunset,rushia,BLG,Omen,1,0,0,0,0,0,0,0,0,41,2,0
490311,Sunset,Zellsis,SEN,Cypher,7,0,0,0,0,0,0,0,0,57,1,0
490311,Sunset,johnqt,SEN,Breach,1,1,1,0,0,0,0,0,0,63,3,1
490311,Sunset,bang,SEN,Omen,1,1,0,0,1,0,0,0,0,60,0,1
490311,Sunset,zekken,SEN,Neon,6,0,1,0,0,0,0,0,0,75,0,1
490311,Sunset,N4RRATE,SEN,Fade,1,2,0,0,0,0,0,0,0,48,2,1
490311,Lotus,Knight,BLG,Fade,6,0,0,0,0,0,0,0,0,46,7,0
490311,Lotus,whzy,BLG,Raze,0,1,1,0,1,0,0,0,0,43,0,0
490311,Lotus,nephh,BLG,Viper,3,0,0,0,1,0,0,0,0,48,0,0
490311,Lotus,Levius,BLG,Vyse,1,1,0,0,0,0,0,0,0,54,1,0
490311,Lotus,rushia,BLG,Omen,4,0,0,0,0,0,0,0,0,35,1,0
490311,Lotus,Zellsis,SEN,Vyse,2,2,0,0,0,1,0,0,0,59,1,0
490311,Lotus,johnqt,SEN,Viper,1,1,0,0,0,0,0,0,0,38,1,1
490311,Lotus,bang,SEN,Omen,1,0,0,0,0,0,0,0,0,33,1,0
490311,Lotus,zekken,SEN,Raze,4,2,0,0,0,0,0,0,0,65,1,0
490311,Lotus,N4RRATE,SEN,Fade,2,1,0,0,0,0,0,0,0,47,4,1
490310,Ascent,Jinggg,PRX,Raze,7,0,0,0,0,0,0,0,0,61,2,0
490310,Ascent,f0rsakeN,PRX,Omen,5,2,0,0,1,0,0,0,0,59,0,1
490310,Ascent,d4v41,PRX,Viper,1,2,0,0,0,0,0,0,0,49,0,0
490310,Ascent,PatMen,PRX,Fade,2,1,0,0,1,0,1,0,0,36,7,1
490310,Ascent,something,PRX,Gekko,2,0,0,0,0,0,0,0,0,33,2,0
490310,Ascent,Munchkin,GEN,Kayo,3,1,0,0,0,0,0,0,0,41,1,0
490310,Ascent,t3xture,GEN,Jett,2,1,2,0,0,0,0,0,0,81,1,0
490310,Ascent,Foxy9,GEN,Killjoy,1,1,1,0,3,0,0,0,0,54,2,2
490310,Ascent,Ash,GEN,Sova,1,0,0,0,0,0,0,0,0,44,3,0
490310,Ascent,Karon,GEN,Omen,3,1,1,0,1,1,0,0,0,60,1,2
490310,Icebox,Jinggg,PRX,Omen,2,1,0,0,0,0,0,0,0,43,0,0
490310,Icebox,f0rsakeN,PRX,Sova,1,0,0,0,0,0,0,0,0,27,4,0
490310,Icebox,d4v41,PRX,Killjoy,0,0,0,0,0,0,0,0,0,30,1,0
490310,Icebox,PatMen,PRX,Viper,3,0,0,0,0,0,0,0,0,50,1,0
490310,Icebox,something,PRX,Jett,2,1,0,0,0,0,0,0,0,51,0,0
490310,Icebox,Munchkin,GEN,Viper,2,1,0,1,0,0,0,0,0,64,0,0
490310,Icebox,t3xture,GEN,Jett,4,2,0,0,1,0,0,0,0,72,0,2
490310,Icebox,Foxy9,GEN,Killjoy,4,1,0,0,0,1,0,0,0,49,0,1
490310,Icebox,Ash,GEN,Sova,3,0,0,0,0,0,0,0,0,64,3,0
490310,Icebox,Karon,GEN,Omen,1,0,0,0,0,0,0,0,0,28,0,0
490312,Pearl,Boo,TH,Astra,4,1,0,0,1,0,0,0,0,42,2,1
490312,Pearl,RieNs,TH,Sova,2,0,0,0,0,0,0,0,0,57,4,1
490312,Pearl,MiniBoo,TH,Yoru,3,0,1,0,0,0,0,0,0,48,1,0
490312,Pearl,Wo0t,TH,Jett,2,1,0,0,0,0,0,0,0,51,0,0
490312,Pearl,benjyfishy,TH,Cypher,5,0,0,0,0,0,0,0,0,32,0,0
490312,Pearl,Juicy,WOL,Yoru,3,2,0,1,0,1,0,0,0,59,1,0
490312,Pearl,SiuFatBB,WOL,Fade,2,0,0,0,0,0,0,0,0,30,5,0
490312,Pearl,Yuicaw,WOL,Chamber,1,1,0,0,1,0,0,0,0,39,0,2
490312,Pearl,Spring,WOL,Astra,3,3,0,0,0,0,0,0,0,62,0,1
490312,Pearl,Lysoar,WOL,Vyse,2,0,0,0,0,0,0,0,0,37,1,0
490312,Lotus,Boo,TH,Omen,4,0,0,0,0,0,0,0,0,51,2,0
490312,Lotus,RieNs,TH,Viper,3,0,0,0,0,0,0,0,0,50,2,0
490312,Lotus,MiniBoo,TH,Raze,6,0,0,0,0,0,0,0,0,46,2,0
490312,Lotus,Wo0t,TH,Fade,3,0,0,0,0,0,0,0,0,45,1,2
490312,Lotus,benjyfishy,TH,Killjoy,4,1,0,0,1,0,0,0,0,50,0,0
490312,Lotus,Juicy,WOL,Raze,3,3,0,0,1,0,0,0,0,55,1,0
490312,Lotus,SiuFatBB,WOL,Fade,0,0,0,0,0,0,0,0,0,20,1,0
490312,Lotus,Yuicaw,WOL,Killjoy,7,0,0,0,1,0,0,0,0,70,0,1
490312,Lotus,Spring,WOL,Viper,6,0,1,0,0,0,0,0,0,63,1,0
490312,Lotus,Lysoar,WOL,Omen,3,1,0,0,0,0,0,0,0,41,5,1
490313,Icebox,paTiTek,TL,Sova,2,1,0,0,0,0,0,0,0,45,1,0
490313,Icebox,nAts,TL,Viper,3,1,0,0,0,0,1,0,0,56,0,1
490313,Icebox,penny,TL,Jett,2,0,0,0,0,0,0,0,0,58,0,1
490313,Icebox,Keiko,TL,Harbor,3,2,0,0,2,1,0,0,0,48,6,2
490313,Icebox,kamo,TL,Chamber,3,0,0,0,0,0,0,0,0,47,0,0
490313,Icebox,cortezia,MIBR,Killjoy,2,1,0,0,0,0,0,0,0,39,0,0
490313,Icebox,artzin,MIBR,Harbor,2,0,0,0,0,0,0,0,0,57,8,0
490313,Icebox,aspas,MIBR,Jett,0,0,1,0,0,0,0,0,0,40,1,0
490313,Icebox,xenom,MIBR,Viper,2,1,0,0,0,0,0,0,0,50,0,0
490313,Icebox,Verno,MIBR,Sova,2,2,0,0,0,0,0,0,0,68,0,1
490313,Sunset,paTiTek,TL,Sova,2,0,0,0,0,0,0,0,0,48,6,0
490313,Sunset,nAts,TL,Viper,5,0,0,0,0,1,0,0,0,54,1,0
490313,Sunset,Keiko,TL,Omen,3,2,0,0,0,0,0,0,0,56,3,0
490313,Sunset,kamo,TL,Neon,2,1,0,0,0,0,0,0,0,57,0,0
490313,Sunset,Serial,TL,Cypher,4,0,0,0,0,1,0,0,0,42,1,1
490313,Sunset,cortezia,MIBR,Cypher,3,0,0,0,0,0,0,0,0,65,0,0
490313,Sunset,artzin,MIBR,Gekko,0,0,1,0,0,0,0,0,0,41,2,1
490313,Sunset,aspas,MIBR,Raze,2,0,0,0,0,0,0,0,0,41,1,1
490313,Sunset,xenom,MIBR,Omen,3,0,0,0,0,0,0,0,0,44,0,1
490313,Sunset,Verno,MIBR,Sova,4,1,0,0,2,0,0,0,0,87,0,1
490315,Ascent,Knight,BLG,Sova,4,0,0,0,0,1,0,0,0,42,0,0
490315,Ascent,whzy,BLG,Neon,5,1,0,0,0,0,0,0,0,71,0,0
490315,Ascent,nephh,BLG,Kayo,2,0,0,0,0,0,0,0,0,34,4,0
490315,Ascent,Levius,BLG,Killjoy,2,0,0,0,0,0,0,0,0,43,2,0
490315,Ascent,rushia,BLG,Omen,2,0,0,0,1,0,0,0,0,30,1,0
490315,Ascent,Juicy,WOL,Yoru,2,0,0,0,0,0,0,0,0,43,0,0
490315,Ascent,SiuFatBB,WOL,Sova,2,1,0,0,0,0,0,0,0,70,4,1
490315,Ascent,Yuicaw,WOL,Cypher,3,0,0,0,0,0,0,0,0,54,0,0
490315,Ascent,Spring,WOL,Omen,2,1,1,0,0,1,0,0,0,79,1,0
490315,Ascent,Lysoar,WOL,Deadlock,1,2,0,0,1,2,0,0,0,54,0,1
490315,Split,Knight,BLG,Cypher,1,1,0,0,0,0,0,0,0,42,0,0
490315,Split,whzy,BLG,Raze,3,1,1,0,0,0,0,0,0,56,1,0
490315,Split,nephh,BLG,Skye,1,0,0,0,0,0,0,0,0,36,3,0
490315,Split,Levius,BLG,Viper,0,1,0,0,0,0,0,0,0,48,1,0
490315,Split,rushia,BLG,Omen,5,0,0,0,0,0,0,0,0,34,2,0
490315,Split,Juicy,WOL,Raze,2,2,1,0,0,1,0,0,0,60,1,1
490315,Split,SiuFatBB,WOL,Fade,2,0,0,0,0,0,0,0,0,43,4,0
490315,Split,Yuicaw,WOL,Cypher,2,1,0,0,0,0,0,0,0,55,0,0
490315,Split,Spring,WOL,Viper,2,2,1,0,0,0,0,0,0,68,0,0
490315,Split,Lysoar,WOL,Omen,4,1,0,0,0,0,0,0,0,54,2,0
490314,Split,Jinggg,PRX,Raze,5,1,1,0,1,0,0,0,0,58,1,0
490314,Split,f0rsakeN,PRX,Omen,2,2,0,0,1,0,0,0,0,41,1,0
490314,Split,d4v41,PRX,Viper,3,0,0,0,0,0,0,0,0,34,0,0
490314,Split,PatMen,PRX,Fade,4,1,0,0,0,0,0,0,0,39,7,2
490314,Split,something,PRX,Yoru,3,2,0,0,0,0,0,0,0,53,0,0
490314,Split,paTiTek,TL,Fade,5,1,0,0,0,0,0,0,0,50,4,0
490314,Split,nAts,TL,Viper,1,2,0,0,0,0,0,0,0,32,1,0
490314,Split,Keiko,TL,Raze,2,3,0,1,0,0,1,0,0,59,2,0
490314,Split,kamo,TL,Yoru,5,1,0,0,0,0,0,0,0,52,1,1
490314,Split,Serial,TL,Astra,2,0,0,0,2,0,0,0,0,25,0,3
490314,Sunset,Jinggg,PRX,Raze,3,1,0,0,0,0,0,0,0,68,2,0
490314,Sunset,f0rsakeN,PRX,Omen,1,1,0,0,0,0,0,0,0,55,0,0
490314,Sunset,d4v41,PRX,Sage,1,0,1,0,0,0,0,0,0,53,4,0
490314,Sunset,PatMen,PRX,Viper,4,1,0,0,0,0,0,0,0,68,1,1
490314,Sunset,something,PRX,Sova,1,0,0,0,0,0,0,0,0,45,2,0
490314,Sunset,paTiTek,TL,Sova,1,1,0,0,0,0,0,0,0,51,1,0
490314,Sunset,nAts,TL,Viper,1,0,0,0,0,0,0,0,0,34,0,2
490314,Sunset,Keiko,TL,Omen,1,1,0,0,0,0,0,0,0,46,0,0
490314,Sunset,kamo,TL,Neon,3,0,0,0,0,0,0,0,0,51,0,0
490314,Sunset,Serial,TL,Cypher,1,0,0,0,0,0,0,0,0,35,0,0
490314,Lotus,Jinggg,PRX,Raze,6,2,0,0,0,0,0,0,0,61,1,0
490314,Lotus,f0rsakeN,PRX,Omen,3,1,0,0,1,0,0,0,0,49,2,1
490314,Lotus,d4v41,PRX,Vyse,1,2,1,0,0,0,0,0,0,54,0,3
490314,Lotus,PatMen,PRX,Fade,7,0,0,0,0,0,0,0,0,59,2,0
490314,Lotus,something,PRX,Yoru,3,0,0,0,0,0,0,0,0,40,0,0
490314,Lotus,paTiTek,TL,Fade,3,1,0,0,2,0,0,0,0,44,3,1
490314,Lotus,nAts,TL,Cypher,1,0,0,0,0,0,0,0,0,37,1,0
490314,Lotus,penny,TL,Raze,2,2,0,0,0,0,0,0,0,45,1,1
490314,Lotus,Keiko,TL,Omen,2,0,1,0,0,0,0,0,0,43,0,0
490314,Lotus,kamo,TL,Waylay,2,0,2,1,0,0,0,0,0,51,0,1
498622,Split,valyn,G2,Omen,0,1,0,0,0,0,0,0,0,38,3,1
498622,Split,jawgemo,G2,Yoru,4,1,0,0,0,0,0,0,0,73,1,0
498622,Split,JonahP,G2,Breach,0,1,0,0,0,0,0,0,0,49,0,0
498622,Split,leaf,G2,Viper,2,1,0,0,0,0,0,0,0,49,0,0
498622,Split,trent,G2,Fade,2,1,0,0,0,0,0,0,0,47,4,0
498622,Split,Jinggg,PRX,Raze,3,1,0,0,0,0,0,0,0,53,0,1
498622,Split,f0rsakeN,PRX,Omen,4,0,0,0,0,0,0,0,0,51,1,0
498622,Split,d4v41,PRX,Viper,1,2,0,0,0,0,0,0,0,57,0,0
498622,Split,PatMen,PRX,Fade,6,0,1,0,1,0,1,0,0,64,7,1
498622,Split,something,PRX,Yoru,3,1,0,0,1,1,0,0,0,42,1,0
498622,Lotus,valyn,G2,Omen,1,0,2,0,1,0,0,0,0,56,0,0
498622,Lotus,jawgemo,G2,Neon,3,1,1,0,0,0,0,0,0,51,0,0
498622,Lotus,JonahP,G2,Breach,1,0,1,0,0,0,0,0,0,26,0,1
498622,Lotus,leaf,G2,Viper,2,1,1,0,0,0,0,0,0,47,1,1
498622,Lotus,trent,G2,Sova,7,0,0,0,0,0,0,0,0,83,5,0
498622,Lotus,Jinggg,PRX,Raze,2,3,0,0,0,0,0,0,0,54,0,0
498622,Lotus,f0rsakeN,PRX,Omen,3,2,0,0,0,0,0,0,0,63,0,0
498622,Lotus,d4v41,PRX,Vyse,2,0,0,0,0,0,0,0,0,49,0,0
498622,Lotus,PatMen,PRX,Fade,1,0,0,0,0,0,0,0,0,44,9,1
498622,Lotus,something,PRX,Yoru,6,0,0,0,0,0,0,0,0,49,0,0
498621,Sunset,coconut,XLG,Omen,3,0,0,0,0,1,0,0,0,36,0,0
498621,Sunset,Rarga,XLG,Neon,0,1,1,0,1,0,1,0,0,63,0,0
498621,Sunset,Viva,XLG,Sova,1,0,0,0,0,0,0,0,0,29,1,0
498621,Sunset,Midi,XLG,Breach,2,0,0,0,0,0,0,0,0,29,3,0
498621,Sunset,happywei,XLG,Cypher,6,0,0,0,0,0,0,0,0,71,0,0
498621,Sunset,Zellsis,SEN,Cypher,2,0,0,0,0,0,0,0,0,40,0,0
498621,Sunset,johnqt,SEN,Breach,5,0,0,0,0,0,0,0,0,70,3,1
498621,Sunset,bang,SEN,Omen,2,0,1,0,0,0,0,0,0,33,1,0
498621,Sunset,zekken,SEN,Neon,7,1,2,0,0,1,0,0,0,92,0,0
498621,Sunset,N4RRATE,SEN,Fade,4,0,0,0,1,0,0,0,0,65,3,1
498621,Lotus,coconut,XLG,Omen,2,1,0,0,0,1,0,0,0,37,0,0
498621,Lotus,Rarga,XLG,Neon,2,0,0,0,0,0,0,0,0,39,0,0
498621,Lotus,Viva,XLG,Sova,1,1,0,0,0,0,0,0,0,60,1,0
498621,Lotus,Midi,XLG,Breach,1,0,0,0,0,0,0,0,0,42,6,0
498621,Lotus,happywei,XLG,Cypher,2,0,0,0,1,0,0,0,0,47,1,1
498621,Lotus,Zellsis,SEN,Vyse,4,1,0,0,1,0,0,0,0,68,2,0
498621,Lotus,johnqt,SEN,Viper,3,1,0,0,0,0,0,0,0,83,1,0
498621,Lotus,bang,SEN,Omen,5,0,1,0,0,1,0,0,0,52,0,1
498621,Lotus,zekken,SEN,Raze,4,1,0,0,0,0,0,0,0,49,0,4
498621,Lotus,N4RRATE,SEN,Fade,2,0,0,0,0,0,0,0,0,58,2,0
498623,Ascent,crazyguy,RRQ,Kayo,1,0,0,0,0,0,0,0,0,40,3,0
498623,Ascent,Kushy,RRQ,Sova,7,0,1,0,1,0,0,0,0,59,2,0
498623,Ascent,xffero,RRQ,Cypher,0,2,0,0,0,0,0,0,0,41,1,0
498623,Ascent,Monyet,RRQ,Omen,4,1,0,0,0,0,0,0,0,51,3,0
498623,Ascent,Jemkin,RRQ,Jett,1,2,0,0,0,0,0,0,0,51,1,0
498623,Ascent,Juicy,WOL,Yoru,3,1,0,0,0,0,0,0,0,64,0,0
498623,Ascent,SiuFatBB,WOL,Sova,4,1,0,0,0,0,1,0,0,56,4,1
498623,Ascent,Yuicaw,WOL,Cypher,3,0,1,0,0,0,0,0,0,45,2,1
498623,Ascent,Spring,WOL,Omen,3,0,0,0,0,0,0,0,0,60,0,0
498623,Ascent,Lysoar,WOL,Deadlock,2,0,0,0,0,0,0,0,0,30,2,1
498623,Icebox,crazyguy,RRQ,Omen,3,0,0,0,0,0,0,0,0,28,1,0
498623,Icebox,Kushy,RRQ,Sova,1,1,0,0,1,0,0,0,0,39,6,0
498623,Icebox,xffero,RRQ,Killjoy,2,0,0,0,0,0,0,0,0,54,2,0
498623,Icebox,Monyet,RRQ,Viper,3,1,0,0,0,0,0,0,0,59,1,0
498623,Icebox,Jemkin,RRQ,Jett,3,1,1,0,0,0,0,0,0,71,0,0
498623,Icebox,Juicy,WOL,Jett,2,3,0,0,0,0,0,0,0,76,1,1
498623,Icebox,SiuFatBB,WOL,Sova,2,0,0,0,2,0,0,0,0,38,1,1
498623,Icebox,Yuicaw,WOL,Gekko,2,1,0,0,0,0,0,0,0,46,5,1
498623,Icebox,Spring,WOL,Viper,2,2,0,0,0,0,0,0,0,55,1,0
498623,Icebox,Lysoar,WOL,Killjoy,4,0,1,0,0,0,0,0,0,77,0,0
498624,Haven,crashies,FNC,Sova,5,1,0,0,0,0,0,0,0,68,2,1
498624,Haven,Boaster,FNC,Omen,1,0,0,0,0,0,0,0,0,33,2,1
498624,Haven,Chronicle,FNC,Cypher,3,1,0,0,0,0,0,0,0,58,0,0
498624,Haven,kaajak,FNC,Yoru,7,1,0,0,0,0,0,0,0,63,0,0
498624,Haven,Alfajer,FNC,Iso,1,0,0,0,0,0,0,0,0,30,0,0
498624,Haven,Munchkin,GEN,Viper,3,4,0,0,0,0,0,0,0,64,0,0
498624,Haven,t3xture,GEN,Neon,4,1,1,0,1,0,0,0,0,46,1,0
498624,Haven,Foxy9,GEN,Killjoy,1,0,0,0,0,0,0,0,0,33,0,0
498624,Haven,Ash,GEN,Sova,0,0,1,0,0,0,1,0,0,48,5,1
498624,Haven,Karon,GEN,Omen,3,1,0,0,0,0,0,0,0,53,0,0
498624,Split,crashies,FNC,Fade,1,1,1,0,0,1,0,0,0,44,8,1
498624,Split,Boaster,FNC,Astra,3,0,0,0,0,0,0,0,0,33,1,0
498624,Split,Chronicle,FNC,Viper,3,0,1,0,1,0,0,0,0,63,1,1
498624,Split,kaajak,FNC,Yoru,0,3,0,0,1,0,0,0,0,57,1,1
498624,Split,Alfajer,FNC,Raze,7,1,0,0,0,0,0,0,0,59,1,0
498624,Split,Munchkin,GEN,Viper,3,0,1,0,1,0,0,0,0,48,2,0
498624,Split,t3xture,GEN,Neon,4,1,0,0,0,1,1,0,0,44,0,2
498624,Split,Foxy9,GEN,Deadlock,1,1,0,0,0,0,0,0,0,21,1,0
498624,Split,Ash,GEN,Tejo,4,2,0,0,0,0,0,0,0,47,8,0
498624,Split,Karon,GEN,Omen,3,2,0,0,0,0,0,0,0,51,1,0
498624,Sunset,crashies,FNC,Sova,3,0,0,0,0,0,0,0,0,61,0,1
498624,Sunset,Boaster,FNC,Omen,1,0,0,0,1,0,0,0,0,32,4,0
498624,Sunset,Chronicle,FNC,Viper,3,0,0,0,0,0,0,0,0,47,0,0
498624,Sunset,kaajak,FNC,Neon,2,0,0,0,0,0,0,0,0,61,1,0
498624,Sunset,Alfajer,FNC,Cypher,5,0,0,0,0,0,0,0,0,51,0,0
498624,Sunset,Munchkin,GEN,Viper,1,0,0,0,0,0,0,0,0,39,0,0
498624,Sunset,t3xture,GEN,Neon,4,3,0,0,1,0,0,0,0,82,1,1
498624,Sunset,Foxy9,GEN,Deadlock,2,2,1,0,1,0,0,0,0,64,0,0
498624,Sunset,Ash,GEN,Sova,1,1,0,0,0,0,0,0,0,49,5,0
498624,Sunset,Karon,GEN,Omen,1,0,0,0,0,0,0,0,0,27,0,0
498629,Icebox,coconut,XLG,Viper,1,1,0,0,0,0,0,0,0,30,0,0
498629,Icebox,Rarga,XLG,Jett,4,0,0,0,0,0,0,0,0,51,0,0
498629,Icebox,Viva,XLG,Sova,2,0,0,0,0,0,0,0,0,42,2,0
498629,Icebox,Midi,XLG,Gekko,0,0,0,0,0,0,0,0,0,29,8,1
498629,Icebox,happywei,XLG,Killjoy,1,1,0,0,0,0,1,0,0,38,0,0
498629,Icebox,valyn,G2,Omen,1,0,0,0,0,0,0,0,0,17,0,1
498629,Icebox,jawgemo,G2,Sage,3,2,0,0,0,0,0,0,0,71,2,3
498629,Icebox,JonahP,G2,Viper,4,0,0,0,0,0,0,0,0,62,0,2
498629,Icebox,leaf,G2,Killjoy,5,2,0,0,1,0,0,0,0,106,0,1
498629,Icebox,trent,G2,Sova,4,0,0,0,0,0,0,0,0,98,2,1
498629,Haven,coconut,XLG,Omen,3,0,0,0,1,0,0,0,0,28,0,0
498629,Haven,Rarga,XLG,Yoru,3,1,0,1,0,0,0,0,0,73,0,0
498629,Haven,Viva,XLG,Sova,1,0,1,0,0,0,0,0,0,39,3,0
498629,Haven,Midi,XLG,Breach,2,1,0,0,0,0,0,0,0,42,3,1
498629,Haven,happywei,XLG,Cypher,5,0,0,0,0,0,0,0,0,65,1,0
498629,Haven,valyn,G2,Omen,2,0,0,0,0,0,0,0,0,50,2,0
498629,Haven,jawgemo,G2,Yoru,2,3,0,0,0,0,0,0,0,52,1,0
498629,Haven,JonahP,G2,Viper,2,2,0,0,0,0,0,0,0,44,1,1
498629,Haven,leaf,G2,Vyse,7,0,0,0,1,3,0,0,0,77,2,1
498629,Haven,trent,G2,Fade,3,0,0,0,0,0,0,0,0,40,1,0
498630,Lotus,crazyguy,RRQ,Fade,4,0,0,0,0,1,0,0,0,47,2,0
498630,Lotus,Kushy,RRQ,Vyse,1,0,0,0,0,0,0,0,0,28,2,0
498630,Lotus,xffero,RRQ,Viper,2,0,0,0,0,0,0,0,0,46,1,0
498630,Lotus,Monyet,RRQ,Omen,2,1,0,0,0,0,0,0,0,55,1,0
498630,Lotus,Jemkin,RRQ,Raze,0,0,0,0,0,0,0,0,0,25,0,0
498630,Lotus,crashies,FNC,Fade,1,2,0,0,1,0,0,0,0,68,0,2
498630,Lotus,Boaster,FNC,Omen,1,0,0,0,0,0,0,0,0,54,3,0
498630,Lotus,Chronicle,FNC,Viper,4,1,0,0,0,0,0,0,0,104,0,0
498630,Lotus,kaajak,FNC,Raze,2,3,0,0,0,0,0,0,0,94,0,1
498630,Lotus,Alfajer,FNC,Killjoy,3,0,0,0,0,0,0,0,0,57,0,0
498630,Haven,crazyguy,RRQ,Omen,1,0,0,0,0,0,0,0,1,55,0,1
498630,Haven,Kushy,RRQ,Sova,0,0,1,0,0,0,0,0,0,36,4,0
498630,Haven,xffero,RRQ,Cypher,3,1,0,0,0,0,0,0,0,50,3,0
498630,Haven,Monyet,RRQ,Neon,3,3,0,0,0,0,0,0,0,61,0,1
498630,Haven,Jemkin,RRQ,Yoru,3,2,0,0,0,0,0,0,0,75,4,0
498630,Haven,crashies,FNC,Sova,4,0,0,0,0,0,0,0,0,79,1,1
498630,Haven,Boaster,FNC,Omen,1,0,0,0,0,0,0,0,0,18,3,0
498630,Haven,Chronicle,FNC,Cypher,2,0,1,0,1,0,0,0,0,51,0,1
498630,Haven,kaajak,FNC,Yoru,4,0,0,0,0,0,0,0,0,55,0,0
498630,Haven,Alfajer,FNC,Iso,2,0,0,0,0,0,0,0,0,49,2,0
498630,Ascent,crazyguy,RRQ,Kayo,3,0,0,0,0,0,0,0,0,37,0,0
498630,Ascent,Kushy,RRQ,Sova,3,0,0,0,0,0,0,0,0,59,1,0
498630,Ascent,xffero,RRQ,Cypher,0,2,0,0,0,1,0,0,0,56,0,0
498630,Ascent,Monyet,RRQ,Omen,1,0,0,0,0,0,0,0,0,37,1,0
498630,Ascent,Jemkin,RRQ,Jett,0,0,0,0,0,0,0,0,0,33,0,0
498630,Ascent,crashies,FNC,Sova,2,0,0,0,0,0,0,0,0,52,4,0
498630,Ascent,Boaster,FNC,Omen,2,1,0,0,0,0,0,0,0,55,0,0
498630,Ascent,Chronicle,FNC,Vyse,3,1,0,0,0,1,0,0,0,57,2,0
498630,Ascent,kaajak,FNC,Yoru,3,2,0,0,0,0,0,0,0,65,2,0
498630,Ascent,Alfajer,FNC,Chamber,2,1,3,0,0,0,0,0,0,64,0,0
498626,Split,Juicy,WOL,Raze,1,1,0,0,0,0,0,0,0,38,0,0
498626,Split,SiuFatBB,WOL,Fade,1,0,0,0,1,0,0,0,0,42,1,0
498626,Split,Yuicaw,WOL,Cypher,6,0,0,0,0,0,0,0,0,62,2,1
498626,Split,Spring,WOL,Viper,4,1,0,0,1,0,0,0,0,87,2,0
498626,Split,Lysoar,WOL,Omen,6,0,0,0,0,0,0,0,0,59,0,1
498626,Split,Munchkin,GEN,Viper,2,0,0,0,0,0,0,0,0,37,0,1
498626,Split,t3xture,GEN,Neon,1,2,1,0,0,0,0,0,0,48,0,0
498626,Split,Foxy9,GEN,Deadlock,4,0,1,0,1,0,0,0,0,38,2,1
498626,Split,Ash,GEN,Tejo,0,0,0,0,0,0,0,0,0,19,1,0
498626,Split,Karon,GEN,Omen,4,1,1,0,1,0,0,0,0,69,1,0
498626,Sunset,Juicy,WOL,Yoru,1,0,0,0,1,0,0,0,0,41,0,1
498626,Sunset,SiuFatBB,WOL,Sova,4,0,0,0,1,1,0,0,0,81,3,0
498626,Sunset,Yuicaw,WOL,Raze,3,2,0,0,0,0,0,0,0,53,0,1
498626,Sunset,Spring,WOL,Omen,5,1,0,0,0,0,0,0,0,62,4,0
498626,Sunset,Lysoar,WOL,Cypher,3,0,0,0,0,0,0,0,0,53,2,0
498626,Sunset,Munchkin,GEN,Viper,3,0,0,0,0,0,0,0,0,46,1,0
498626,Sunset,t3xture,GEN,Neon,5,1,1,0,0,0,0,0,0,68,0,0
498626,Sunset,Foxy9,GEN,Deadlock,0,1,0,0,0,0,0,0,0,27,3,0
498626,Sunset,Ash,GEN,Sova,3,0,1,0,0,0,0,0,0,65,3,0
498626,Sunset,Karon,GEN,Omen,3,0,0,0,0,0,0,0,0,36,3,0
498625,Split,Zellsis,SEN,Viper,1,0,0,0,0,0,0,0,0,41,0,0
498625,Split,johnqt,SEN,Skye,0,0,0,0,0,0,0,0,0,27,1,0
498625,Split,bang,SEN,Omen,2,2,0,0,0,0,0,0,0,67,0,0
498625,Split,zekken,SEN,Yoru,1,0,0,0,0,0,0,0,0,49,0,1
498625,Split,N4RRATE,SEN,Breach,2,1,0,0,0,0,0,0,0,63,1,0
498625,Split,Jinggg,PRX,Raze,4,1,0,0,0,0,0,0,0,66,0,0
498625,Split,f0rsakeN,PRX,Omen,3,0,0,0,1,0,0,0,0,57,1,0
498625,Split,d4v41,PRX,Viper,2,1,0,0,2,0,0,0,0,58,1,0
498625,Split,PatMen,PRX,Fade,4,1,0,0,0,1,0,0,0,65,7,1
498625,Split,something,PRX,Yoru,4,1,0,0,0,0,0,0,0,51,1,0
498625,Sunset,Zellsis,SEN,Cypher,1,0,1,0,0,1,0,0,0,32,0,0
498625,Sunset,johnqt,SEN,Breach,2,0,0,0,0,0,0,0,0,46,5,3
498625,Sunset,bang,SEN,Omen,4,0,0,0,0,0,0,0,0,43,0,0
498625,Sunset,zekken,SEN,Neon,7,1,0,0,1,0,0,0,0,59,0,0
498625,Sunset,N4RRATE,SEN,Fade,2,1,0,0,0,0,0,0,0,58,3,2
498625,Sunset,Jinggg,PRX,Raze,2,1,2,0,0,0,0,0,0,66,0,0
498625,Sunset,f0rsakeN,PRX,Omen,1,0,0,0,1,0,0,0,0,35,1,2
498625,Sunset,d4v41,PRX,Sage,3,1,0,0,1,0,0,0,0,51,3,0
498625,Sunset,PatMen,PRX,Viper,3,2,0,0,0,0,0,0,0,43,0,2
498625,Sunset,something,PRX,Sova,2,1,0,0,0,0,0,0,0,53,5,0
498631,Lotus,Munchkin,GEN,Viper,4,1,0,0,0,0,0,0,0,58,0,0
498631,Lotus,t3xture,GEN,Raze,0,2,0,0,0,1,0,0,0,35,0,2
498631,Lotus,Foxy9,GEN,Vyse,2,0,0,0,0,0,0,0,0,31,0,0
498631,Lotus,Ash,GEN,Fade,3,0,0,0,0,0,0,0,0,49,5,0
498631,Lotus,Karon,GEN,Omen,4,0,0,0,1,0,0,0,0,39,0,1
498631,Lotus,valyn,G2,Omen,5,2,0,0,0,0,0,0,0,69,1,0
498631,Lotus,jawgemo,G2,Yoru,6,0,0,0,0,0,0,0,0,64,0,1
498631,Lotus,JonahP,G2,Fade,2,1,0,0,0,0,0,0,0,56,3,1
498631,Lotus,leaf,G2,Viper,3,0,0,0,1,0,0,0,0,53,0,0
498631,Lotus,trent,G2,Tejo,1,1,0,0,0,0,0,0,0,54,2,1
498631,Haven,Munchkin,GEN,Viper,2,2,0,0,0,0,0,0,0,55,0,0
498631,Haven,t3xture,GEN,Neon,4,0,1,0,0,0,0,0,0,61,0,0
498631,Haven,Foxy9,GEN,Killjoy,2,0,0,0,1,0,0,0,0,45,0,0
498631,Haven,Ash,GEN,Sova,4,1,0,0,0,1,0,0,0,47,5,2
498631,Haven,Karon,GEN,Omen,3,1,0,0,0,0,0,0,0,55,2,0
498631,Haven,valyn,G2,Omen,2,0,0,0,0,0,0,0,0,29,1,0
498631,Haven,jawgemo,G2,Yoru,3,0,0,0,0,0,0,0,0,39,0,0
498631,Haven,JonahP,G2,Viper,2,2,0,0,1,0,0,0,0,57,1,0
498631,Haven,leaf,G2,Vyse,2,2,0,0,2,0,0,0,0,62,1,1
498631,Haven,trent,G2,Fade,3,0,0,0,0,0,0,0,0,56,4,1
498631,Icebox,Munchkin,GEN,Viper,3,1,0,0,0,0,0,0,0,55,1,0
498631,Icebox,t3xture,GEN,Jett,4,2,0,0,0,0,0,0,0,54,0,0
498631,Icebox,Foxy9,GEN,Killjoy,3,0,0,0,0,0,0,0,0,53,0,1
498631,Icebox,Ash,GEN,Sova,3,1,0,0,3,0,0,0,0,50,10,1
498631,Icebox,Karon,GEN,Omen,2,0,0,0,0,0,0,0,0,23,1,0
498631,Icebox,valyn,G2,Omen,3,1,0,0,0,0,0,0,0,58,1,0
498631,Icebox,jawgemo,G2,Sage,2,1,0,0,0,0,0,0,0,47,5,1
498631,Icebox,JonahP,G2,Viper,2,0,0,0,0,0,0,0,0,42,0,1
498631,Icebox,leaf,G2,Killjoy,5,1,1,0,0,0,0,0,0,76,0,0
498631,Icebox,trent,G2,Sova,4,1,0,0,1,0,0,0,0,57,5,2
498632,Sunset,Zellsis,SEN,Cypher,4,3,0,0,1,0,0,0,0,67,0,2
498632,Sunset,johnqt,SEN,Breach,1,0,0,0,0,0,0,0,0,29,5,1
498632,Sunset,bang,SEN,Omen,5,1,0,0,0,0,0,0,0,40,1,0
498632,Sunset,zekken,SEN,Neon,5,0,0,0,1,0,0,0,0,42,0,0
498632,Sunset,N4RRATE,SEN,Fade,3,2,1,0,0,1,0,1,0,72,2,0
498632,Sunset,crashies,FNC,Sova,0,0,0,0,0,0,0,0,0,30,4,1
498632,Sunset,Boaster,FNC,Omen,1,0,0,0,0,0,0,0,0,32,0,0
498632,Sunset,Chronicle,FNC,Viper,1,1,1,0,0,1,0,0,0,59,1,1
498632,Sunset,kaajak,FNC,Neon,3,1,0,0,0,1,0,0,0,55,1,1
498632,Sunset,Alfajer,FNC,Cypher,2,3,0,0,0,0,0,0,0,64,1,0
498632,Ascent,Zellsis,SEN,Vyse,1,0,0,0,0,0,0,0,0,39,1,0
498632,Ascent,johnqt,SEN,Kayo,0,0,0,0,0,0,0,0,0,23,1,0
498632,Ascent,bang,SEN,Omen,2,1,1,0,0,0,0,0,0,62,0,0
498632,Ascent,zekken,SEN,Waylay,2,1,1,0,0,0,0,0,0,44,0,0
498632,Ascent,N4RRATE,SEN,Tejo,2,2,0,0,0,0,0,0,0,57,4,0
498632,Ascent,crashies,FNC,Sova,3,1,0,0,0,0,0,0,0,66,5,2
498632,Ascent,Boaster,FNC,Omen,1,0,0,0,0,0,0,0,0,35,1,1
498632,Ascent,Chronicle,FNC,Vyse,3,1,0,0,0,0,0,0,0,61,1,0
498632,Ascent,kaajak,FNC,Yoru,4,0,0,0,1,0,0,0,0,41,1,0
498632,Ascent,Alfajer,FNC,Chamber,2,1,1,0,0,1,0,0,0,66,0,0
498632,Icebox,Zellsis,SEN,Killjoy,1,1,0,0,0,0,0,0,0,53,1,1
498632,Icebox,johnqt,SEN,Kayo,2,2,0,0,0,0,0,0,0,44,1,0
498632,Icebox,bang,SEN,Viper,2,0,0,0,0,0,0,0,0,27,1,0
498632,Icebox,zekken,SEN,Omen,2,0,0,0,0,0,0,0,0,40,2,0
498632,Icebox,N4RRATE,SEN,Gekko,1,2,0,0,1,0,0,0,0,58,6,0
498632,Icebox,crashies,FNC,Sova,2,1,0,0,0,0,0,0,0,67,0,0
498632,Icebox,Boaster,FNC,Viper,2,0,0,0,0,0,0,0,0,37,2,1
498632,Icebox,Chronicle,FNC,Sage,3,0,0,0,1,0,0,0,0,44,7,2
498632,Icebox,kaajak,FNC,Jett,4,1,0,0,0,0,0,0,0,62,0,1
498632,Icebox,Alfajer,FNC,Killjoy,5,3,0,0,0,0,0,0,0,82,0,0
498627,Lotus,Jinggg,PRX,Raze,5,0,1,0,0,0,0,0,0,48,0,0
498627,Lotus,f0rsakeN,PRX,Omen,3,2,0,0,1,1,0,0,0,65,1,1
498627,Lotus,d4v41,PRX,Vyse,2,3,0,1,0,0,0,0,0,78,2,0
498627,Lotus,PatMen,PRX,Fade,3,0,0,0,0,0,0,0,0,32,7,1
498627,Lotus,something,PRX,Yoru,2,0,0,0,0,0,0,0,0,29,0,0
498627,Lotus,Juicy,WOL,Raze,2,2,0,0,0,0,0,0,0,42,2,0
498627,Lotus,SiuFatBB,WOL,Fade,4,0,0,0,2,1,0,0,0,37,3,2
498627,Lotus,Yuicaw,WOL,Killjoy,6,2,0,0,0,0,0,0,0,63,1,0
498627,Lotus,Spring,WOL,Viper,2,1,0,0,0,0,0,0,0,58,2,0
498627,Lotus,Lysoar,WOL,Omen,1,1,0,0,0,0,0,0,0,31,1,0
498627,Ascent,Jinggg,PRX,Omen,3,2,0,0,0,0,0,0,0,54,1,0
498627,Ascent,f0rsakeN,PRX,Fade,3,0,1,0,1,0,0,0,0,49,3,0
498627,Ascent,d4v41,PRX,Viper,1,1,0,0,0,1,0,0,0,53,0,1
498627,Ascent,PatMen,PRX,Kayo,0,0,1,0,0,0,1,0,0,57,2,0
498627,Ascent,something,PRX,Jett,1,2,1,0,0,0,0,0,0,64,0,1
498627,Ascent,Juicy,WOL,Yoru,2,3,0,0,0,0,0,0,0,53,0,0
498627,Ascent,SiuFatBB,WOL,Sova,2,1,0,0,0,0,0,0,0,40,3,0
498627,Ascent,Yuicaw,WOL,Cypher,3,0,0,0,0,1,0,0,0,40,0,1
498627,Ascent,Spring,WOL,Omen,3,1,0,0,0,0,0,0,0,75,1,0
498627,Ascent,Lysoar,WOL,Deadlock,3,1,0,0,0,0,0,0,0,39,2,0
498633,Lotus,valyn,G2,Omen,0,3,0,0,0,0,0,0,0,54,3,0
498633,Lotus,jawgemo,G2,Yoru,1,0,0,0,0,0,0,0,0,33,0,0
498633,Lotus,JonahP,G2,Fade,3,0,0,0,0,0,0,0,0,37,3,0
498633,Lotus,leaf,G2,Viper,3,1,0,0,1,0,0,0,0,62,0,0
498633,Lotus,trent,G2,Tejo,3,1,0,0,0,0,0,0,0,56,2,1
498633,Lotus,crashies,FNC,Fade,3,0,0,0,0,0,0,0,0,35,6,0
498633,Lotus,Boaster,FNC,Omen,2,0,0,0,0,0,0,0,0,29,1,0
498633,Lotus,Chronicle,FNC,Viper,4,2,1,0,0,0,0,0,0,121,0,0
498633,Lotus,kaajak,FNC,Raze,3,0,1,0,1,0,0,0,0,48,0,2
498633,Lotus,Alfajer,FNC,Killjoy,6,1,0,0,1,0,0,0,0,66,0,1
498633,Split,valyn,G2,Omen,1,0,0,0,0,0,0,0,0,32,0,0
498633,Split,jawgemo,G2,Yoru,3,1,0,0,0,0,0,0,0,46,0,0
498633,Split,JonahP,G2,Breach,5,0,0,0,0,0,0,0,0,51,3,0
498633,Split,leaf,G2,Viper,4,0,1,0,1,0,0,0,0,45,0,1
498633,Split,trent,G2,Fade,3,0,1,0,1,1,1,0,0,52,3,1
498633,Split,crashies,FNC,Fade,1,0,0,0,0,0,0,0,0,46,4,0
498633,Split,Boaster,FNC,Astra,3,1,0,0,0,0,0,0,0,81,2,0
498633,Split,Chronicle,FNC,Viper,4,0,0,0,0,0,0,0,0,59,0,1
498633,Split,kaajak,FNC,Yoru,3,2,0,0,0,0,0,0,0,53,1,1
498633,Split,Alfajer,FNC,Raze,3,3,0,0,1,0,0,0,0,78,0,1
498634,Split,Juicy,WOL,Raze,5,0,0,0,0,0,0,0,0,53,0,0
498634,Split,SiuFatBB,WOL,Fade,3,0,0,0,0,0,0,0,0,43,6,0
498634,Split,Yuicaw,WOL,Cypher,0,1,0,0,0,0,0,0,0,29,1,0
498634,Split,Spring,WOL,Viper,2,1,1,0,0,0,0,0,0,59,1,0
498634,Split,Lysoar,WOL,Omen,4,0,0,0,1,0,0,0,0,46,1,0
498634,Split,crashies,FNC,Fade,3,0,0,0,1,0,0,0,0,44,4,0
498634,Split,Boaster,FNC,Astra,1,0,0,0,1,0,0,0,0,38,4,0
498634,Split,Chronicle,FNC,Viper,5,0,0,0,1,0,0,0,0,66,1,0
498634,Split,kaajak,FNC,Yoru,1,3,0,0,0,0,0,0,0,51,0,0
498634,Split,Alfajer,FNC,Raze,6,1,0,0,0,0,0,0,0,59,0,2
498634,Icebox,Juicy,WOL,Jett,0,1,0,0,0,0,0,0,0,37,0,0
498634,Icebox,SiuFatBB,WOL,Sova,2,0,0,0,0,0,0,0,0,36,1,0
498634,Icebox,Yuicaw,WOL,Gekko,1,0,0,0,0,0,0,0,0,21,9,0
498634,Icebox,Spring,WOL,Viper,4,1,0,0,0,0,0,0,0,65,1,0
498634,Icebox,Lysoar,WOL,Killjoy,3,1,0,0,1,0,0,0,0,52,0,0
498634,Icebox,crashies,FNC,Sova,1,0,0,0,0,1,0,0,0,51,1,1
498634,Icebox,Boaster,FNC,Viper,4,1,0,0,0,0,0,0,0,77,1,1
498634,Icebox,Chronicle,FNC,Sage,3,0,0,0,0,0,0,0,0,49,1,3
498634,Icebox,kaajak,FNC,Jett,6,1,0,0,1,1,0,0,0,104,1,3
498634,Icebox,Alfajer,FNC,Killjoy,4,2,0,0,0,0,0,0,0,62,0,0
498634,Lotus,Juicy,WOL,Raze,6,0,0,0,0,0,0,0,0,69,0,1
498634,Lotus,SiuFatBB,WOL,Fade,1,0,0,0,1,0,0,0,0,25,7,1
498634,Lotus,Yuicaw,WOL,Killjoy,2,0,0,0,0,0,0,0,0,36,0,1
498634,Lotus,Spring,WOL,Viper,5,3,0,0,0,0,0,0,0,93,0,0
498634,Lotus,Lysoar,WOL,Omen,5,0,0,0,0,0,0,0,0,47,1,1
498634,Lotus,crashies,FNC,Fade,6,1,0,0,0,0,0,0,0,53,3,0
498634,Lotus,Boaster,FNC,Omen,0,0,0,0,1,0,0,0,0,35,5,1
498634,Lotus,Chronicle,FNC,Viper,0,2,0,0,1,0,0,0,0,56,0,0
498634,Lotus,kaajak,FNC,Raze,1,0,0,0,0,0,0,0,0,28,1,0
498634,Lotus,Alfajer,FNC,Killjoy,2,1,0,1,0,0,0,0,0,57,1,0
498634,Ascent,Juicy,WOL,Yoru,0,0,0,0,1,0,0,0,0,25,1,0
498634,Ascent,SiuFatBB,WOL,Sova,4,0,0,0,0,0,0,0,0,42,5,0
498634,Ascent,Yuicaw,WOL,Cypher,2,1,0,0,0,0,0,0,0,50,0,0
498634,Ascent,Spring,WOL,Omen,2,1,0,0,0,0,0,0,0,42,0,0
498634,Ascent,Lysoar,WOL,Deadlock,4,0,0,0,0,0,0,0,0,36,0,1
498634,Ascent,crashies,FNC,Sova,2,0,0,0,0,0,0,0,0,65,2,1
498634,Ascent,Boaster,FNC,Omen,1,2,0,0,0,0,0,0,0,70,3,0
498634,Ascent,Chronicle,FNC,Vyse,2,0,1,0,0,0,0,0,0,65,0,0
498634,Ascent,kaajak,FNC,Yoru,2,1,0,0,0,0,0,0,0,46,0,1
498634,Ascent,Alfajer,FNC,Chamber,6,3,0,0,0,0,0,0,0,75,0,0
498628,Sunset,Jinggg,PRX,Raze,3,0,0,0,0,0,0,0,0,55,3,0
498628,Sunset,f0rsakeN,PRX,Omen,3,3,0,0,0,0,0,0,0,58,3,0
498628,Sunset,d4v41,PRX,Sage,2,1,0,0,0,0,0,0,0,38,2,0
498628,Sunset,PatMen,PRX,Viper,3,0,0,0,0,0,0,0,0,56,0,0
498628,Sunset,something,PRX,Sova,2,1,0,0,0,0,0,0,0,50,2,0
498628,Sunset,crashies,FNC,Sova,0,1,0,0,0,0,0,0,0,44,3,1
498628,Sunset,Boaster,FNC,Omen,1,0,0,0,0,0,0,0,0,31,2,0
498628,Sunset,Chronicle,FNC,Viper,1,0,0,0,0,0,0,0,0,39,0,0
498628,Sunset,kaajak,FNC,Neon,4,2,0,0,0,0,0,0,0,59,1,0
498628,Sunset,Alfajer,FNC,Cypher,7,0,0,0,1,0,0,0,0,60,0,1
498628,Icebox,Jinggg,PRX,Omen,2,3,0,0,0,1,0,0,0,53,1,0
498628,Icebox,f0rsakeN,PRX,Sova,4,0,0,0,0,0,0,0,0,34,11,0
498628,Icebox,d4v41,PRX,Killjoy,6,3,0,0,0,0,0,0,0,53,2,1
498628,Icebox,PatMen,PRX,Viper,4,2,0,0,0,1,0,0,0,41,0,1
498628,Icebox,something,PRX,Jett,5,0,0,0,0,0,0,0,0,34,0,0
498628,Icebox,crashies,FNC,Sova,8,1,0,0,1,0,0,0,0,45,2,1
498628,Icebox,Boaster,FNC,Viper,1,0,0,0,0,0,0,0,0,30,3,0
498628,Icebox,Chronicle,FNC,Sage,5,2,0,0,0,0,0,0,0,47,5,3
498628,Icebox,kaajak,FNC,Jett,7,3,0,0,0,0,0,0,0,50,1,1
498628,Icebox,Alfajer,FNC,Killjoy,3,1,1,0,0,0,0,0,0,46,0,1
498628,Pearl,Jinggg,PRX,Raze,2,1,0,0,0,0,0,0,0,53,0,0
498628,Pearl,f0rsakeN,PRX,Astra,4,1,0,0,0,1,0,0,0,62,4,0
498628,Pearl,d4v41,PRX,Vyse,2,1,1,0,0,0,0,0,0,85,0,0
498628,Pearl,PatMen,PRX,Fade,3,0,0,0,0,0,0,0,0,43,6,0
498628,Pearl,something,PRX,Yoru,1,0,1,0,0,0,0,0,0,39,0,0
498628,Pearl,crashies,FNC,Sova,2,0,0,0,0,0,0,0,0,46,1,0
498628,Pearl,Boaster,FNC,Astra,2,1,0,0,0,0,0,0,0,56,4,0
498628,Pearl,Chronicle,FNC,Killjoy,2,1,0,0,0,0,0,0,0,44,1,1
498628,Pearl,kaajak,FNC,Yoru,2,0,0,0,0,0,0,0,0,28,0,0
498628,Pearl,Alfajer,FNC,Neon,2,2,1,0,0,0,0,0,0,58,1,1
498628,Lotus,Jinggg,PRX,Raze,1,1,1,0,0,0,0,0,0,46,2,1
498628,Lotus,f0rsakeN,PRX,Omen,4,1,1,0,0,0,0,0,0,60,1,0
498628,Lotus,d4v41,PRX,Vyse,3,0,0,0,1,0,0,0,0,43,1,0
498628,Lotus,PatMen,PRX,Fade,3,1,0,0,1,0,0,0,0,42,5,1
498628,Lotus,something,PRX,Yoru,4,1,1,0,0,1,0,0,0,46,1,1
498628,Lotus,crashies,FNC,Fade,1,0,1,0,0,0,0,0,0,31,2,0
498628,Lotus,Boaster,FNC,Omen,0,0,0,0,0,0,0,0,0,19,4,0
498628,Lotus,Chronicle,FNC,Viper,5,1,1,0,0,0,0,0,0,81,0,0
498628,Lotus,kaajak,FNC,Raze,4,0,0,0,1,0,0,0,0,36,1,3
498628,Lotus,Alfajer,FNC,Killjoy,4,3,1,0,0,0,0,0,0,83,1,1
