scraped_at,player,player_name,team,player_url,player_id,agents_played,agents_count,agents_display,rounds,rating,acs,kd_ratio,kast,adr,kpr,apr,fkpr,fdpr,hs_percent,cl_percent,clutches,k_max,kills,deaths,assists,first_kills,first_deaths
2025-08-31T17:46:48.442274,t3xture,t3xture,GEN,https://www.vlr.gg/player/9196/t3xture,9196,"['Neon', 'Raze', 'Jett']",3,"Neon, Raze, Jett",255,1.23,258.2,1.44,74%,159.5,0.94,0.19,0.21,0.17,28%,37%,7/19,27,239,166,48,54,43
2025-08-31T17:46:48.442274,Spring,Spring,WOL,https://www.vlr.gg/player/14125/spring,14125,"['Omen', 'Viper', 'Astra']",3,"Omen, Viper, Astra",349,1.21,244.1,1.23,74%,160.1,0.85,0.32,0.13,0.09,29%,7%,2/29,26,295,240,111,47,31
2025-08-31T17:46:48.449405,Verno,Verno,MIBR,https://www.vlr.gg/player/21668/verno,21668,['Sova'],1,Sova,71,1.18,230.5,1.02,70%,157.6,0.79,0.30,0.04,0.04,28%,14%,3/22,19,56,55,21,3,3
2025-08-31T17:46:48.449405,Alfajer,Alfajer,FNC,https://www.vlr.gg/player/9810/alfajer,9810,"['Iso', 'Raze', 'Cypher']",6,"Iso, Raze, Cypher, (+3)",419,1.17,257.9,1.30,73%,167.6,0.94,0.14,0.17,0.11,32%,12%,4/33,29,392,301,60,73,45
2025-08-31T17:46:48.449405,zekken,zekken,SEN,https://www.vlr.gg/player/4004/zekken,4004,"['Neon', 'Raze', 'Yoru']",5,"Neon, Raze, Yoru, (+2)",249,1.17,237.5,1.21,74%,147.2,0.81,0.26,0.19,0.21,24%,17%,3/18,27,202,167,65,47,53
2025-08-31T17:46:48.449405,trent,trent,G2,https://www.vlr.gg/player/15500/trent,15500,"['Fade', 'Sova', 'Tejo']",3,"Fade, Sova, Tejo",198,1.17,214.2,1.22,81%,138.0,0.77,0.25,0.10,0.07,35%,13%,4/30,22,152,125,49,19,13
2025-08-31T17:46:48.449405,leaf,leaf,G2,https://www.vlr.gg/player/7873/leaf,7873,"['Viper', 'Killjoy', 'Vyse']",3,"Viper, Killjoy, Vyse",198,1.15,230.3,1.21,75%,148.6,0.81,0.26,0.08,0.08,24%,29%,10/35,24,161,133,51,15,16
2025-08-31T17:46:48.449405,Chronicle,Chronicle,FNC,https://www.vlr.gg/player/458/chronicle,458,"['Cypher', 'Viper', 'Sage']",5,"Cypher, Viper, Sage, (+2)",419,1.13,207.6,1.18,72%,141.1,0.72,0.30,0.08,0.06,26%,14%,7/51,27,302,257,127,35,25
2025-08-31T17:46:48.456520,whzy,whzy,BLG,https://www.vlr.gg/player/4885/whzy,4885,"['Jett', 'Neon', 'Raze']",3,"Jett, Neon, Raze",179,1.13,253.1,1.21,68%,155.5,0.89,0.16,0.19,0.17,28%,13%,2/16,29,160,132,29,34,31
2025-08-31T17:46:48.456520,f0rsakeN,f0rsakeN,PRX,https://www.vlr.gg/player/9801/f0rsaken,9801,"['Omen', 'Fade', 'Sova']",4,"Omen, Fade, Sova, (+1)",387,1.12,208.9,1.06,74%,137.5,0.72,0.40,0.10,0.08,26%,31%,9/29,25,280,263,156,37,31
2025-08-31T17:46:48.456520,Jinggg,Jinggg,PRX,https://www.vlr.gg/player/7378/jinggg,7378,"['Raze', 'Omen']",2,"Raze, Omen",387,1.10,229.1,1.15,73%,151.9,0.78,0.26,0.14,0.13,23%,8%,2/25,26,303,264,100,54,50
2025-08-31T17:46:48.456520,Keiko,Keiko,TL,https://www.vlr.gg/player/11494/keiko,11494,"['Harbor', 'Omen', 'Iso']",4,"Harbor, Omen, Iso, (+1)",187,1.10,199.3,1.17,72%,132.9,0.76,0.17,0.09,0.07,45%,13%,4/31,29,142,121,32,16,13
2025-08-31T17:46:48.456520,N4RRATE,N4RRATE,SEN,https://www.vlr.gg/player/36245/n4rrate,36245,"['Fade', 'Breach', 'Tejo']",4,"Fade, Breach, Tejo, (+1)",249,1.08,219.5,1.06,75%,140.1,0.74,0.34,0.06,0.09,24%,25%,5/20,21,185,174,85,16,23
2025-08-31T17:46:48.456520,d4v41,d4v41,PRX,https://www.vlr.gg/player/9803/d4v41,9803,"['Viper', 'Vyse', 'Sage']",4,"Viper, Vyse, Sage, (+1)",387,1.07,189.4,1.12,73%,131.7,0.72,0.23,0.05,0.07,26%,10%,6/61,29,277,247,88,21,26
2025-08-31T17:46:48.463417,happywei,happywei,XLG,https://www.vlr.gg/player/37927/happywei,37927,"['Cypher', 'Killjoy']",2,"Cypher, Killjoy",75,1.06,223.0,0.97,61%,147.0,0.76,0.17,0.16,0.15,45%,12%,2/17,20,57,59,13,12,11
2025-08-31T17:46:48.463417,kaajak,kaajak,FNC,https://www.vlr.gg/player/9554/kaajak,9554,"['Yoru', 'Neon', 'Jett']",4,"Yoru, Neon, Jett, (+1)",419,1.06,218.3,1.13,71%,141.5,0.78,0.16,0.19,0.16,35%,18%,7/39,32,327,290,66,79,65
2025-08-31T17:46:48.463417,rushia,rushia,BLG,https://www.vlr.gg/player/48878/rushia,48878,"['Harbor', 'Omen']",2,"Harbor, Omen",179,1.03,201.9,0.99,72%,130.6,0.70,0.38,0.12,0.08,27%,10%,2/21,23,126,127,68,22,15
2025-08-31T17:46:48.463417,Karon,Karon,GEN,https://www.vlr.gg/player/34974/karon,34974,['Omen'],1,Omen,255,1.03,189.3,1.09,76%,125.6,0.69,0.32,0.09,0.09,31%,11%,4/35,24,176,161,81,22,23
2025-08-31T17:46:48.463417,crashies,crashies,FNC,https://www.vlr.gg/player/4/crashies,4,"['Sova', 'Fade']",2,"Sova, Fade",419,1.03,181.8,1.07,74%,126.4,0.65,0.29,0.05,0.03,34%,10%,5/51,26,273,254,120,20,11
2025-08-31T17:46:48.470444,Ash,Ash,GEN,https://www.vlr.gg/player/25017/ash,25017,"['Sova', 'Tejo', 'Fade']",3,"Sova, Tejo, Fade",255,1.02,173.9,1.05,74%,118.3,0.62,0.22,0.05,0.03,31%,15%,5/33,19,158,150,57,14,7
2025-08-31T17:46:48.470444,PatMen,PatMen,PRX,https://www.vlr.gg/player/13744/patmen,13744,"['Fade', 'Viper', 'Kayo']",3,"Fade, Viper, Kayo",387,1.01,193.0,1.02,73%,124.2,0.68,0.32,0.06,0.08,31%,24%,10/41,22,263,257,123,24,32
2025-08-31T17:46:48.470444,penny,penny,TL,https://www.vlr.gg/player/7716/penny,7716,"['Omen', 'Phoenix', 'Jett']",4,"Omen, Phoenix, Jett, (+1)",121,1.00,188.4,0.98,73%,131.3,0.67,0.29,0.12,0.10,20%,22%,2/9,30,81,83,35,15,12
2025-08-31T17:46:48.470444,Munchkin,Munchkin,GEN,https://www.vlr.gg/player/2489/munchkin,2489,"['Viper', 'Kayo']",2,"Viper, Kayo",255,0.99,207.8,1.02,72%,134.1,0.68,0.35,0.10,0.10,22%,5%,1/19,21,174,170,90,25,26
2025-08-31T17:46:48.470444,bang,bang,SEN,https://www.vlr.gg/player/3880/bang,3880,"['Omen', 'Viper']",2,"Omen, Viper",249,0.99,188.1,0.99,72%,112.5,0.69,0.33,0.08,0.08,34%,14%,3/21,19,171,172,83,21,19
2025-08-31T17:46:48.470444,johnqt,johnqt,SEN,https://www.vlr.gg/player/1265/johnqt,1265,"['Breach', 'Viper', 'Skye']",4,"Breach, Viper, Skye, (+1)",249,0.99,166.3,0.94,77%,109.7,0.59,0.38,0.05,0.07,26%,8%,3/36,18,147,156,95,13,17
2025-08-31T17:46:48.477281,Zellsis,Zellsis,SEN,https://www.vlr.gg/player/729/zellsis,729,"['Cypher', 'Vyse', 'Viper']",4,"Cypher, Vyse, Viper, (+1)",249,0.99,173.6,0.95,70%,118.2,0.61,0.28,0.07,0.09,21%,12%,4/33,20,152,160,69,17,23
2025-08-31T17:46:48.477281,jawgemo,jawgemo,G2,https://www.vlr.gg/player/3993/jawgemo,3993,"['Yoru', 'Neon', 'Sage']",3,"Yoru, Neon, Sage",198,0.98,217.1,1.00,72%,143.7,0.73,0.25,0.16,0.19,23%,0%,0/11,19,144,144,50,32,38
2025-08-31T17:46:48.477281,Monyet,Monyet,RRQ,https://www.vlr.gg/player/8497/monyet,8497,"['Omen', 'Viper', 'Neon']",3,"Omen, Viper, Neon",100,0.97,196.4,0.89,67%,130.3,0.66,0.31,0.05,0.13,26%,0%,0/9,17,66,74,31,5,13
2025-08-31T17:46:48.477281,something,something,PRX,https://www.vlr.gg/player/17086/something,17086,"['Yoru', 'Sova', 'Jett']",4,"Yoru, Sova, Jett, (+1)",387,0.96,192.2,1.00,73%,123.9,0.68,0.20,0.14,0.15,25%,8%,3/39,22,265,265,78,54,58
2025-08-31T17:46:48.477281,kamo,kamo,TL,https://www.vlr.gg/player/14681/kamo,14681,"['Clove', 'Neon', 'Chamber']",5,"Clove, Neon, Chamber, (+2)",187,0.96,210.8,0.99,70%,141.9,0.75,0.20,0.16,0.17,35%,20%,1/5,26,140,141,38,30,32
2025-08-31T17:46:48.477281,Juicy,Juicy,WOL,https://www.vlr.gg/player/7426/juicy,7426,"['Yoru', 'Jett', 'Raze']",3,"Yoru, Jett, Raze",349,0.95,212.0,1.00,67%,139.5,0.74,0.19,0.19,0.17,25%,31%,5/16,23,260,260,65,65,61
2025-08-31T17:46:48.484501,Wo0t,Wo0t,TH,https://www.vlr.gg/player/21328/wo0t,21328,"['Breach', 'Gekko', 'Jett']",4,"Breach, Gekko, Jett, (+1)",81,0.94,183.0,0.86,68%,118.9,0.63,0.36,0.10,0.15,34%,10%,1/10,17,51,59,29,8,12
2025-08-31T17:46:48.484501,nephh,nephh,BLG,https://www.vlr.gg/player/10698/nephh,10698,"['Viper', 'Breach', 'Kayo']",4,"Viper, Breach, Kayo, (+1)",179,0.93,178.6,0.87,72%,117.9,0.59,0.46,0.07,0.08,22%,17%,3/18,21,106,122,82,12,14
2025-08-31T17:46:48.484501,valyn,valyn,G2,https://www.vlr.gg/player/3885/valyn,3885,['Omen'],1,Omen,198,0.93,172.1,0.86,75%,109.6,0.61,0.37,0.07,0.08,22%,6%,1/18,20,121,140,73,14,16
2025-08-31T17:46:48.484501,JonahP,JonahP,G2,https://www.vlr.gg/player/4581/jonahp,4581,"['Breach', 'Viper', 'Fade']",3,"Breach, Viper, Fade",198,0.93,178.8,0.90,76%,113.2,0.61,0.39,0.04,0.14,24%,8%,1/13,20,120,133,77,8,27
2025-08-31T17:46:48.484501,Lysoar,Lysoar,WOL,https://www.vlr.gg/player/37489/lysoar,37489,"['Deadlock', 'Killjoy', 'Omen']",5,"Deadlock, Killjoy, Omen, (+2)",349,0.91,174.5,0.88,72%,112.1,0.60,0.33,0.08,0.06,25%,13%,5/38,19,211,241,115,28,22
2025-08-31T17:46:48.484501,SiuFatBB,SiuFatBB,WOL,https://www.vlr.gg/player/7849/siufatbb,7849,"['Sova', 'Fade']",2,"Sova, Fade",349,0.91,151.1,0.88,70%,99.9,0.54,0.25,0.03,0.05,28%,23%,15/65,17,190,217,88,12,16
2025-08-31T17:46:48.491423,paTiTek,paTiTek,TL,https://www.vlr.gg/player/309/patitek,309,"['Kayo', 'Sova', 'Fade']",3,"Kayo, Sova, Fade",187,0.91,183.1,0.88,72%,117.7,0.61,0.21,0.09,0.07,27%,8%,2/24,23,114,130,39,17,14
2025-08-31T17:46:48.491423,Levius,Levius,BLG,https://www.vlr.gg/player/40845/levius,40845,"['Killjoy', 'Cypher', 'Vyse']",4,"Killjoy, Cypher, Vyse, (+1)",179,0.90,158.1,0.94,70%,111.4,0.59,0.16,0.03,0.11,23%,0%,0/26,19,105,112,28,5,19
2025-08-31T17:46:48.491423,xffero,xffero,RRQ,https://www.vlr.gg/player/4871/xffero,4871,"['Cypher', 'Killjoy', 'Viper']",3,"Cypher, Killjoy, Viper",100,0.90,175.2,0.89,65%,118.8,0.64,0.17,0.07,0.07,32%,8%,1/13,15,64,72,17,7,7
2025-08-31T17:46:48.491423,Yuicaw,Yuicaw,WOL,https://www.vlr.gg/player/11218/yuicaw,11218,"['Cypher', 'Gekko', 'Raze']",5,"Cypher, Gekko, Raze, (+2)",349,0.89,175.0,0.89,63%,117.3,0.62,0.19,0.09,0.10,27%,9%,4/47,24,218,244,68,33,34
2025-08-31T17:46:48.491423,Foxy9,Foxy9,GEN,https://www.vlr.gg/player/11600/foxy9,11600,"['Killjoy', 'Deadlock', 'Vyse']",3,"Killjoy, Deadlock, Vyse",255,0.88,179.2,0.98,71%,111.6,0.65,0.18,0.08,0.08,32%,28%,7/25,21,167,170,46,20,21
2025-08-31T17:46:48.498253,Kushy,Kushy,RRQ,https://www.vlr.gg/player/4866/kushy,4866,"['Sova', 'Vyse']",2,"Sova, Vyse",100,0.88,174.0,0.86,70%,114.0,0.62,0.22,0.01,0.05,39%,17%,2/12,23,62,72,22,1,5
2025-08-31T17:46:48.498253,nAts,nAts,TL,https://www.vlr.gg/player/457/nats,457,"['Viper', 'Cypher']",2,"Viper, Cypher",111,0.88,186.0,0.88,74%,121.2,0.64,0.20,0.08,0.05,28%,12%,2/17,18,71,81,22,9,6
2025-08-31T17:46:48.498253,Rarga,Rarga,XLG,https://www.vlr.gg/player/22047/rarga,22047,"['Neon', 'Jett', 'Yoru']",3,"Neon, Jett, Yoru",75,0.86,217.0,0.88,64%,136.1,0.76,0.16,0.20,0.25,41%,33%,2/6,20,57,65,12,15,19
2025-08-31T17:46:48.498253,RieNs,RieNs,TH,https://www.vlr.gg/player/10971/riens,10971,"['Fade', 'Sova', 'Viper']",3,"Fade, Sova, Viper",81,0.85,191.5,0.84,63%,125.0,0.63,0.25,0.09,0.12,28%,0%,0/7,17,51,61,20,7,10
2025-08-31T17:46:48.498253,benjyfishy,benjyfishy,TH,https://www.vlr.gg/player/29873/benjyfishy,29873,"['Killjoy', 'Cypher']",2,"Killjoy, Cypher",81,0.85,178.8,0.85,62%,119.9,0.63,0.11,0.12,0.06,30%,17%,2/12,18,51,60,9,10,5
2025-08-31T17:46:48.498253,Jemkin,Jemkin,RRQ,https://www.vlr.gg/player/24895/jemkin,24895,"['Jett', 'Raze', 'Yoru']",3,"Jett, Raze, Yoru",100,0.85,196.8,0.88,66%,138.2,0.69,0.14,0.21,0.16,33%,0%,0/5,19,69,78,14,21,16
2025-08-31T17:46:48.505291,Boaster,Boaster,FNC,https://www.vlr.gg/player/438/boaster,438,"['Omen', 'Astra', 'Viper']",3,"Omen, Astra, Viper",419,0.84,143.4,0.76,72%,94.4,0.47,0.36,0.08,0.08,25%,9%,3/35,21,199,261,149,33,33
2025-08-31T17:46:48.505291,Knight,Knight,BLG,https://www.vlr.gg/player/4774/knight,4774,"['Sova', 'Fade', 'Cypher']",3,"Sova, Fade, Cypher",179,0.83,149.1,0.81,69%,105.0,0.51,0.23,0.06,0.09,26%,7%,1/15,18,92,113,42,11,16
2025-08-31T17:46:48.505291,Serial,Serial,TL,https://www.vlr.gg/player/18162/serial,18162,"['Gekko', 'Killjoy', 'Cypher']",4,"Gekko, Killjoy, Cypher, (+1)",142,0.83,155.2,0.84,66%,103.1,0.57,0.16,0.09,0.07,45%,32%,6/19,20,81,97,23,13,10
2025-08-31T17:46:48.505291,Boo,Boo,TH,https://www.vlr.gg/player/1144/boo,1144,"['Astra', 'Viper', 'Omen']",3,"Astra, Viper, Omen",81,0.76,139.5,0.70,62%,86.7,0.48,0.43,0.02,0.10,38%,6%,1/17,14,39,56,35,2,8
2025-08-31T17:46:48.505291,crazyguy,crazyguy,RRQ,https://www.vlr.gg/player/1430/crazyguy,1430,"['Kayo', 'Omen', 'Fade']",3,"Kayo, Omen, Fade",100,0.75,144.2,0.65,64%,90.7,0.47,0.34,0.11,0.14,25%,9%,2/22,11,47,72,34,11,14
2025-08-31T17:46:48.512543,MiniBoo,MiniBoo,TH,https://www.vlr.gg/player/18350/miniboo,18350,"['Yoru', 'Neon', 'Raze']",3,"Yoru, Neon, Raze",81,0.74,167.5,0.81,60%,105.6,0.64,0.09,0.12,0.11,31%,0%,0/8,19,52,64,7,10,9
2025-08-31T17:46:48.512543,xenom,xenom,MIBR,https://www.vlr.gg/player/20240/xenom,20240,"['Omen', 'Viper']",2,"Omen, Viper",71,0.71,148.3,0.65,63%,101.7,0.55,0.15,0.06,0.14,35%,0%,0/12,15,39,60,11,4,10
2025-08-31T17:46:48.512543,cortezia,cortezia,MIBR,https://www.vlr.gg/player/5395/cortezia,5395,"['Cypher', 'Killjoy']",2,"Cypher, Killjoy",71,0.69,164.0,0.66,59%,115.2,0.55,0.17,0.10,0.14,33%,0%,0/10,12,39,59,12,7,10
2025-08-31T17:46:48.512543,Viva,Viva,XLG,https://www.vlr.gg/player/36415/viva,36415,['Sova'],1,Sova,75,0.67,147.0,0.51,59%,107.6,0.44,0.28,0.05,0.03,27%,0%,0/16,11,33,65,21,4,2
2025-08-31T17:46:48.519242,coconut,coconut,XLG,https://www.vlr.gg/player/12365/coconut,12365,"['Omen', 'Viper']",2,"Omen, Viper",75,0.65,128.3,0.57,65%,82.6,0.45,0.29,0.01,0.08,26%,23%,3/13,12,34,60,22,1,6
2025-08-31T17:46:48.519242,Midi,Midi,XLG,https://www.vlr.gg/player/37017/midi,37017,"['Breach', 'Gekko']",2,"Breach, Gekko",75,0.59,132.0,0.58,61%,88.8,0.48,0.19,0.04,0.03,34%,0%,0/5,14,36,62,14,3,2
2025-08-31T17:46:48.522713,aspas,aspas,MIBR,https://www.vlr.gg/player/8480/aspas,8480,"['Neon', 'Jett', 'Raze']",3,"Neon, Jett, Raze",71,0.53,129.8,0.53,59%,88.8,0.44,0.17,0.07,0.21,18%,20%,1/5,10,31,59,12,5,15
2025-08-31T17:46:48.525396,artzin,artzin,MIBR,https://www.vlr.gg/player/5957/artzin,5957,"['Breach', 'Harbor', 'Gekko']",3,"Breach, Harbor, Gekko",71,0.51,121.5,0.52,66%,86.3,0.44,0.25,0.04,0.15,26%,0%,0/5,12,31,60,18,3,11
2025-08-31T17:46:48.526351,tarik,tarik,tarik,https://www.vlr.gg/player/31376/tarik,31376,['Reyna'],1,Reyna,20,,,0.94,,,0.85,0.30,,,,0%,,17,17,18,6,0,0
2025-08-31T17:46:48.526351,Kyedae,Kyedae,tarik,https://www.vlr.gg/player/37656/kyedae,37656,['Vyse'],1,Vyse,20,,,1.00,,,0.75,0.40,,,,0%,,15,15,15,8,0,0
2025-08-31T17:46:48.526351,joshseki,joshseki,tarik,https://www.vlr.gg/player/55810/joshseki,55810,['Astra'],1,Astra,20,,,0.63,,,0.50,0.35,,,,0%,,10,10,16,7,0,0
2025-08-31T17:46:48.526351,Vinnie,Vinnie,tarik,https://www.vlr.gg/player/55809/vinnie,55809,['Sova'],1,Sova,20,,,0.87,,,0.65,0.20,,,,0%,,13,13,15,4,0,0
2025-08-31T17:46:48.533154,Yvonnie,Yvonnie,tarik,https://www.vlr.gg/player/35089/yvonnie,35089,['Sage'],1,Sage,20,,,0.40,,,0.30,0.35,,,,0%,,6,6,15,7,0,0
2025-08-31T17:46:48.533154,Disguised Toast,Disguised Toast,Team,https://www.vlr.gg/player/55812/disguised-toast,55812,['Cypher'],1,Cypher,20,,,1.00,,,0.60,0.25,,,,0%,,12,12,12,5,0,0
2025-08-31T17:46:48.533154,Jacob,Jacob,Team,https://www.vlr.gg/player/55811/jacob,55811,['Gekko'],1,Gekko,20,,,0.46,,,0.30,0.25,,,,0%,,6,6,13,5,0,0
2025-08-31T17:46:48.533154,meL,meL,Team,https://www.vlr.gg/player/3063/mel,3063,['Omen'],1,Omen,20,,,2.56,,,1.15,0.55,,,,0%,,23,23,9,11,0,0
2025-08-31T17:46:48.540000,Sidsity,Sidsity,Team,https://www.vlr.gg/player/48629/sidsity,48629,['Fade'],1,Fade,20,,,1.25,,,0.75,0.20,,,,0%,,15,15,12,4,0,0
2025-08-31T17:46:48.540000,TenZ,TenZ,Team,https://www.vlr.gg/player/9/tenz,9,['Jett'],1,Jett,20,,,1.71,,,1.20,0.20,,,,0%,,24,24,14,4,0,0
